{
    "root_group": {
        "path": "",
        "id": "d41d8cd98f00b204e9800998ecf8427e",
        "groups": {},
        "checks": {
                "after report queued quickly": {
                    "path": "::after report queued quickly",
                    "id": "26d3b20dfffcec8abd3a646e110d8a3f",
                    "passes": 530,
                    "fails": 0,
                    "name": "after report queued quickly"
                }
            },
        "name": ""
    },
    "metrics": {
        "vus_max": {
            "min": 5,
            "max": 5,
            "value": 5
        },
        "checks": {
            "passes": 530,
            "fails": 0,
            "value": 1
        },
        "data_received": {
            "count": 307930,
            "rate": 20071.9508995957
        },
        "http_req_sending": {
            "max": 0.18345,
            "p(90)": 0.0553791,
            "p(95)": 0.06477819999999995,
            "avg": 0.03205593018867923,
            "min": 0.012145,
            "med": 0.0239505
        },
        "http_req_failed": {
            "passes": 0,
            "fails": 530,
            "value": 0
        },
        "http_req_blocked": {
            "avg": 0.02566246603773588,
            "min": 0.002478,
            "med": 0.004468,
            "max": 2.293893,
            "p(90)": 0.0066071,
            "p(95)": 0.007901449999999997
        },
        "iteration_duration": {
            "avg": 143.20717392452835,
            "min": 56.127244,
            "med": 112.68853050000001,
            "max": 1151.980036,
            "p(90)": 330.3289897000001,
            "p(95)": 369.6896961499999
        },
        "iterations": {
            "count": 530,
            "rate": 34.547247675724094
        },
        "http_req_waiting": {
            "med": 112.210001,
            "max": 1151.626685,
            "p(90)": 327.96853040000013,
            "p(95)": 369.34029954999994,
            "avg": 142.79122085471704,
            "min": 53.402185
        },
        "http_req_duration": {
            "avg": 142.9821450150942,
            "min": 53.798718,
            "med": 112.42940300000001,
            "max": 1151.787628,
            "p(90)": 328.1367827000001,
            "p(95)": 369.51340869999996,
            "thresholds": {
                "p(95)<1000": false
            }
        },
        "http_req_tls_handshaking": {
            "avg": 0,
            "min": 0,
            "med": 0,
            "max": 0,
            "p(90)": 0,
            "p(95)": 0
        },
        "http_req_receiving": {
            "max": 1.157655,
            "p(90)": 0.22718380000000005,
            "p(95)": 0.28918119999999964,
            "avg": 0.1588682301886792,
            "min": 0.074736,
            "med": 0.1433705
        },
        "http_req_duration{expected_response:true}": {
            "min": 53.798718,
            "med": 112.42940300000001,
            "max": 1151.787628,
            "p(90)": 328.1367827000001,
            "p(95)": 369.51340869999996,
            "avg": 142.9821450150942
        },
        "http_reqs": {
            "count": 530,
            "rate": 34.547247675724094
        },
        "data_sent": {
            "count": 72080,
            "rate": 4698.425683898477
        },
        "vus": {
            "value": 5,
            "min": 5,
            "max": 5
        },
        "http_req_connecting": {
            "max": 0.78459,
            "p(90)": 0,
            "p(95)": 0,
            "avg": 0.005326056603773585,
            "min": 0,
            "med": 0
        }
    }
}