{
    "metrics": {
        "http_req_tls_handshaking": {
            "min": 0,
            "med": 0,
            "max": 0,
            "p(90)": 0,
            "p(95)": 0,
            "avg": 0
        },
        "http_req_receiving": {
            "min": 8.234969,
            "med": 12.9746135,
            "max": 40.622811,
            "p(90)": 17.369409300000004,
            "p(95)": 18.902750499999996,
            "avg": 13.684472652061867
        },
        "http_req_failed": {
            "passes": 0,
            "fails": 388,
            "value": 0
        },
        "data_sent": {
            "count": 39188,
            "rate": 1899.3181451881521
        },
        "http_req_duration{expected_response:true}": {
            "avg": 627.9422755386593,
            "min": 56.523999,
            "med": 639.1321740000001,
            "max": 857.130729,
            "p(90)": 685.7429723,
            "p(95)": 695.8010712
        },
        "http_req_connecting": {
            "p(90)": 0.5234091000000001,
            "p(95)": 0.6889804499999999,
            "avg": 0.3621667860824743,
            "min": 0.124804,
            "med": 0.2885675,
            "max": 7.098306
        },
        "http_reqs": {
            "count": 388,
            "rate": 18.805130150377746
        },
        "vus_max": {
            "max": 12,
            "value": 12,
            "min": 12
        },
        "checks": {
            "passes": 388,
            "fails": 0,
            "value": 1
        },
        "iteration_duration": {
            "p(95)": 696.5633167499999,
            "avg": 628.6990515927835,
            "min": 59.403224,
            "med": 639.7691165,
            "max": 857.909408,
            "p(90)": 686.4763445
        },
        "http_req_duration": {
            "max": 857.130729,
            "p(90)": 685.7429723,
            "p(95)": 695.8010712,
            "avg": 627.9422755386593,
            "min": 56.523999,
            "med": 639.1321740000001
        },
        "http_req_sending": {
            "avg": 0.09727634793814426,
            "min": 0.028797,
            "med": 0.07513149999999999,
            "max": 1.279666,
            "p(90)": 0.1629542,
            "p(95)": 0.2102678999999998
        },
        "http_req_blocked": {
            "min": 0.181279,
            "med": 0.400696,
            "max": 7.641019,
            "p(90)": 0.7410124,
            "p(95)": 1.0292500499999988,
            "avg": 0.5299261907216501
        },
        "iterations": {
            "count": 388,
            "rate": 18.805130150377746
        },
        "vus": {
            "value": 12,
            "min": 12,
            "max": 12
        },
        "http_req_waiting": {
            "avg": 614.16052653866,
            "min": 40.856802,
            "med": 624.6115609999999,
            "max": 838.523635,
            "p(90)": 671.4389558,
            "p(95)": 682.0819357
        },
        "data_received": {
            "rate": 16809.993081717177,
            "count": 346835
        }
    },
    "root_group": {
        "name": "",
        "path": "",
        "id": "d41d8cd98f00b204e9800998ecf8427e",
        "groups": {},
        "checks": {
                "single app instance responded": {
                    "id": "b0630ace481f5aa275772e7ffad4acf8",
                    "passes": 388,
                    "fails": 0,
                    "name": "single app instance responded",
                    "path": "::single app instance responded"
                }
            }
    }
}